group,n,correlation_pushback_conf,ci_low,ci_high,p_value,status,jk_min,jk_max
AI,12,-0.12124229709421847,-0.6499285542824718,0.48652050207079733,0.7074013829907488,ok,-0.37235176021248156,-0.0027132272084309517
Human,12,-0.20467268770138605,-0.696740665098197,0.4183816040752724,0.5234068124082462,ok,,
