group,n,correlation_pushback_conf,ci_low,ci_high,p_value,status
AI,18,-0.2981423969999719,-0.6715436054905662,0.19602015713161652,0.22949140397760792,ok
Human,6,-0.10041812029052107,-0.8432637317617628,0.774248548344124,0.8498791176288117,ok
