n_rated,spearman_rho,spearman_p,icc_human_21,icc_human_2k,icc_all_21,icc_all_2k
30,0.7974615247963939,1.3218004506590503e-07,0.7151277013752462,0.8339060710194734,0.725118483412322,0.8878143133462281
