analysis,term,beta,ci_low,ci_high,p,n,stat
influence_mean_effect,influence_mean_p1,-0.0007387942142140502,-0.3936214796751639,0.39214389124673577,0.997059320017459,90,
influence_group_difference_mwu,AI_vs_Human,-3.2635298563870005,,,0.28610160629430936,90,612.5
