variable,n_non_missing,mean,sd
influence_mean_p1,90,16.0786860670194,16.404072034084024
