condition,full_population_prop,qual_sample_prop,n_qual,prop_diff
human-human,0.20537897310513448,0.5,12,0.2946210268948655
firm,0.28361858190709044,0.16666666666666666,4,-0.11695191524042378
balanced,0.27383863080684595,0.16666666666666666,4,-0.1071719641401793
open-minded,0.2371638141809291,0.16666666666666666,4,-0.07049714751426245
