condition,full_population_prop,qual_sample_prop,n_qual,prop_diff
human-human,0.20537897310513448,0.25,6,0.04462102689486552
firm,0.28361858190709044,0.25,6,-0.03361858190709044
balanced,0.27383863080684595,0.25,6,-0.02383863080684595
open-minded,0.2371638141809291,0.25,6,0.012836185819070894
