n_rated,spearman_rho,spearman_p,icc_human_21,icc_human_2k,icc_all_21,icc_all_2k
30,0.5871785955508607,0.0006469250464892797,0.8625592417061612,0.9262086513994912,0.6672131147540987,0.8574438202247192
