n_rated,spearman_rho,spearman_p,icc_human_21,icc_human_2k,icc_all_21,icc_all_2k
30,-0.08816859298838568,0.6431469369332459,0.8213552361396311,0.9019165727170241,0.20274914089347087,0.4327628361858191
